RefereeName,Age
Yoshimi Yamashita,37
Edina Alves,43
Lina Lehtovaara,42
Vincentia Amedome,42
Casey Reibelt,35
Bouchra Karboubi,36
Tess Olofsson,35
Emikar Caldera Barrera,33
Marie-Soleil Beaudoin,40
Ekaterina Katja Koroleva,36
Kateryna Monzul,42
Maria Carvajal,40
Melissa Borjas,37
Tori Penso,38
Cheryl Foster,43
Rebecca Welch,39
Katia Itzel Garcia,31
Stephanie Frappart,39
Maria Sole Ferrieri Caputi,32
Oh-Hyeon Jeong,35
Laura Fortunato,38
Salima Mukansanga,35
Esther Staubli,44
Anna-Marie Keighley,41
Marta Huerta de Aza,33
Kate Jacewicz,38
Ivana Martincic,38
